{
	"credit": "Made with Blockbench",
	"textures": {
		"top": "block/bamboo_door_top",
		"topright": "block/bamboo_door_top2",
		"side_v": "block/bamboo_door_sides_v",
		"side_h": "block/bamboo_door_sides_h",
		"particle": "block/bamboo_door_top"
	},
	"elements": [
		{
			"from": [0, 12, 0],
			"to": [3, 16, 16],
			"faces": {
				"north": {"uv": [3, 0, 6, 4], "texture": "#side_v", "cullface": "north"},
				"east": {"uv": [0, 0, 16, 4], "texture": "#topright"},
				"south": {"uv": [13, 0, 16, 4], "texture": "#side_v", "cullface": "south"},
				"west": {"uv": [0, 0, 16, 4], "texture": "#top", "cullface": "west"},
				"up": {"uv": [3, 16, 0, 0], "rotation": 180, "texture": "#side_h", "cullface": "up"},
				"down": {"uv": [0, 0, 3, 16], "texture": "#side_h"}
			}
		},
		{
			"from": [0, 0, 0],
			"to": [3, 12, 4],
			"faces": {
				"north": {"uv": [3, 4, 6, 16], "texture": "#side_v", "cullface": "north"},
				"east": {"uv": [12, 4, 16, 16], "texture": "#topright"},
				"south": {"uv": [13, 4, 16, 16], "rotation": 180, "texture": "#side_v"},
				"west": {"uv": [0, 4, 4, 16], "texture": "#top", "cullface": "west"},
				"down": {"uv": [3, 16, 0, 12], "rotation": 180, "texture": "#side_h", "cullface": "down"}
			}
		},
		{
			"from": [0, 0, 12],
			"to": [3, 12, 16],
			"faces": {
				"north": {"uv": [13, 4, 16, 16], "texture": "#side_v"},
				"east": {"uv": [0, 4, 4, 16], "texture": "#topright"},
				"south": {"uv": [13, 4, 16, 16], "texture": "#side_v", "cullface": "south"},
				"west": {"uv": [12, 4, 16, 16], "texture": "#top", "cullface": "west"},
				"down": {"uv": [3, 4, 0, 0], "rotation": 180, "texture": "#side_h", "cullface": "down"}
			}
		},
		{
			"from": [1, 1, 4],
			"to": [2, 12, 12],
			"faces": {
				"east": {"uv": [4, 4, 12, 15], "texture": "#topright"},
				"west": {"uv": [4, 4, 12, 15], "texture": "#top", "cullface": "west"}
			}
		},
		{
			"from": [0, 0, 4],
			"to": [3, 1, 12],
			"faces": {
				"east": {"uv": [4, 15, 12, 16], "texture": "#topright"},
				"west": {"uv": [4, 15, 12, 16], "texture": "#top", "cullface": "west"},
				"up": {"uv": [0, 4, 3, 12], "texture": "#side_h"},
				"down": {"uv": [0, 4, 3, 12], "texture": "#side_h", "cullface": "down"}
			}
		}
	]
}