{
	"credit": "Made by StormDragon77",
	"textures": {
		"side_v": "block/birch_door_sides_v",
		"bottomright": "block/birch_door_bottom2",
		"bottom": "block/birch_door_bottom",
		"side_h": "block/birch_door_sides_h",
		"particle": "block/birch_door_bottom"
	},
	"elements": [
		{
			"from": [0, 0, 0],
			"to": [3, 12, 16],
			"faces": {
				"north": {"uv": [0, 4, 3, 16], "texture": "#side_v", "cullface": "north"},
				"east": {"uv": [0, 4, 16, 16], "texture": "#bottomright"},
				"south": {"uv": [10, 4, 13, 16], "texture": "#side_v", "cullface": "south"},
				"west": {"uv": [0, 4, 16, 16], "texture": "#bottom", "cullface": "west"},
				"up": {"uv": [0, 0, 3, 16], "texture": "#side_h"},
				"down": {"uv": [0, 0, 3, 16], "texture": "#side_h", "cullface": "down"}
			}
		},
		{
			"from": [0, 12, 0],
			"to": [3, 16, 3],
			"faces": {
				"north": {"uv": [0, 0, 3, 4], "texture": "#side_v", "cullface": "north"},
				"east": {"uv": [13, 0, 16, 4], "texture": "#bottomright"},
				"south": {"uv": [10, 0, 13, 4], "texture": "#side_v"},
				"west": {"uv": [0, 0, 3, 4], "texture": "#bottom", "cullface": "west"},
				"up": {"uv": [12, 0, 15, 3], "texture": "#side_h"}
			}
		},
		{
			"from": [0, 12, 13],
			"to": [3, 16, 16],
			"faces": {
				"north": {"uv": [10, 0, 13, 4], "texture": "#side_v"},
				"east": {"uv": [0, 0, 3, 4], "texture": "#bottomright"},
				"south": {"uv": [10, 0, 13, 4], "texture": "#side_v", "cullface": "south"},
				"west": {"uv": [13, 0, 16, 4], "texture": "#bottom", "cullface": "west"},
				"up": {"uv": [12, 13, 15, 16], "texture": "#side_h"}
			}
		},
		{
			"from": [1, 12, 3],
			"to": [2, 16, 13],
			"faces": {
				"east": {"uv": [3, 0, 13, 4], "texture": "#bottomright"},
				"west": {"uv": [3, 0, 13, 4], "texture": "#bottom", "cullface": "west"},
				"up": {"uv": [3, 0, 13, 1], "texture": "#bottom"}
			}
		}
	]
}