{
	"credit": "Made with Blockbench",
    "render_type": "cutout",
	"parent": "block/cube",
	"ambientocclusion": false,
	"textures": {
		"particle": "#all"
	},
	"elements": [
		{
			"from": [0, 0, 0],
			"to": [16, 16, 16],
			"faces": {
				"north": {"uv": [0, 0, 16, 16], "texture": "#all", "cullface": "north"},
				"east": {"uv": [0, 0, 16, 16], "texture": "#all", "cullface": "east"},
				"south": {"uv": [0, 0, 16, 16], "texture": "#all", "cullface": "south"},
				"west": {"uv": [0, 0, 16, 16], "texture": "#all", "cullface": "west"},
				"up": {"uv": [0, 0, 16, 16], "texture": "#all", "cullface": "up"},
				"down": {"uv": [0, 0, 16, 16], "texture": "#all", "cullface": "down"}
			}
		},
		{
			"from": [0, 0, 0],
			"to": [16, 16, 16],
			"faces": {
				"north": {"uv": [0, 0, 16, 16], "texture": "#overlay", "cullface": "north", "tintindex": -1},
				"east": {"uv": [0, 0, 16, 16], "texture": "#overlay", "cullface": "east", "tintindex": -1},
				"south": {"uv": [0, 0, 16, 16], "texture": "#overlay", "cullface": "south", "tintindex": -1},
				"west": {"uv": [0, 0, 16, 16], "texture": "#overlay", "cullface": "west", "tintindex": -1},
				"up": {"uv": [0, 0, 16, 16], "texture": "#overlay", "cullface": "up", "tintindex": -1},
				"down": {"uv": [0, 0, 16, 16], "texture": "#overlay", "cullface": "down", "tintindex": -1}
			}
		}
	],
	"groups": [
		{
			"name": "solid",
			"origin": [0, 0, 0],
			"color": 0,
			"children": [0]
		},
		{
			"name": "cutout",
			"origin": [0, 0, 0],
			"color": 0,
			"children": [1]
		}
	],
    "ctm_version": 1,
    "ctm_overrides": {
        "-1": {
			"extra": { 
			"	light": 15 
			}
		}
    }
}