{
	"credit": "Made by StormDragon77",
	"textures": {
		"side_h": "block/mangrove_door_sides_h",
		"particle": "block/mangrove_door_bottom",
		"bottom": "block/mangrove_door_bottom",
		"bottomright": "block/mangrove_door_bottom2",
		"side_v": "block/mangrove_door_sides_v"
	},
	"elements": [
		{
			"from": [0, 0, 0],
			"to": [3, 16, 16],
			"faces": {
				"north": {"uv": [10, 0, 13, 16], "texture": "#side_v", "cullface": "north"},
				"east": {"uv": [0, 0, 16, 16], "texture": "#bottom"},
				"south": {"uv": [0, 0, 3, 16], "texture": "#side_v", "cullface": "south"},
				"west": {"uv": [0, 0, 16, 16], "texture": "#bottomright", "cullface": "west"},
				"up": {"uv": [9, 0, 12, 16], "texture": "#side_h"},
				"down": {"uv": [0, 0, 3, 16], "texture": "#side_h", "cullface": "down"}
			}
		},
		{
			"from": [-1, 13, 3],
			"to": [0, 14, 4],
			"faces": {
				"south": {"uv": [12, 2, 13, 3], "texture": "#bottom", "cullface": "west"},
				"west": {"uv": [12, 2, 13, 3], "texture": "#bottom", "cullface": "west"},
				"up": {"uv": [12, 2, 13, 3], "texture": "#bottom", "cullface": "west"},
				"down": {"uv": [12, 2, 13, 3], "texture": "#bottom", "cullface": "west"}
			}
		},
		{
			"from": [-1, 13, 2],
			"to": [0, 16, 3],
			"faces": {
				"north": {"uv": [13, 0, 14, 3], "texture": "#bottom", "cullface": "west"},
				"south": {"uv": [13, 0, 14, 3], "texture": "#bottom", "cullface": "west"},
				"west": {"uv": [13, 0, 14, 3], "texture": "#bottom", "cullface": "west"},
				"up": {"uv": [2, 0, 3, 1], "texture": "#bottomright", "cullface": "west"},
				"down": {"uv": [13, 2, 14, 3], "texture": "#bottom", "cullface": "west"}
			}
		},
		{
			"from": [3, 13, 3],
			"to": [4, 14, 4],
			"faces": {
				"east": {"uv": [12, 2, 13, 3], "texture": "#bottom"},
				"south": {"uv": [12, 2, 13, 3], "texture": "#bottom"},
				"up": {"uv": [12, 2, 13, 3], "texture": "#bottom"},
				"down": {"uv": [12, 2, 13, 3], "texture": "#bottom"}
			}
		},
		{
			"from": [3, 13, 2],
			"to": [4, 16, 3],
			"faces": {
				"north": {"uv": [13, 0, 14, 3], "texture": "#bottom"},
				"east": {"uv": [13, 0, 14, 3], "texture": "#bottom"},
				"south": {"uv": [13, 0, 14, 3], "texture": "#bottom"},
				"up": {"uv": [2, 1, 3, 2], "texture": "#bottomright"},
				"down": {"uv": [13, 2, 14, 3], "texture": "#bottom"}
			}
		}
	]
}