{
	"credit": "Made by StormDragon77",
	"textures": {
		"side_h": "block/mangrove_door_sides_h",
		"particle": "block/mangrove_door_top",
		"top": "block/mangrove_door_top",
		"topright": "block/mangrove_door_top2",
		"side_v": "block/mangrove_door_sides_v"
	},
	"elements": [
		{
			"from": [0, 0, 0],
			"to": [3, 16, 16],
			"faces": {
				"north": {"uv": [3, 0, 6, 16], "texture": "#side_v", "cullface": "north"},
				"east": {"uv": [0, 0, 16, 16], "texture": "#topright"},
				"south": {"uv": [13, 0, 16, 16], "texture": "#side_v", "cullface": "south"},
				"west": {"uv": [0, 0, 16, 16], "texture": "#top", "cullface": "west"},
				"up": {"uv": [0, 0, 3, 16], "texture": "#side_h", "cullface": "up"},
				"down": {"uv": [3, 0, 6, 16], "texture": "#side_h"}
			}
		},
		{
			"from": [-1, 0, 13],
			"to": [0, 3, 14],
			"faces": {
				"north": {"uv": [13, 13, 14, 16], "texture": "#top", "cullface": "west"},
				"south": {"uv": [13, 13, 14, 16], "texture": "#top", "cullface": "west"},
				"west": {"uv": [13, 13, 14, 16], "texture": "#top", "cullface": "west"},
				"up": {"uv": [13, 13, 14, 14], "texture": "#top", "cullface": "west"},
				"down": {"uv": [13, 15, 14, 16], "texture": "#top", "cullface": "west"}
			}
		},
		{
			"from": [-1, 2, 12],
			"to": [0, 3, 13],
			"faces": {
				"north": {"uv": [12, 13, 13, 14], "texture": "#top", "cullface": "west"},
				"west": {"uv": [12, 13, 13, 14], "texture": "#top", "cullface": "west"},
				"up": {"uv": [12, 13, 13, 14], "texture": "#top", "cullface": "west"},
				"down": {"uv": [12, 13, 13, 14], "texture": "#top", "cullface": "west"}
			}
		},
		{
			"from": [3, 2, 12],
			"to": [4, 3, 13],
			"faces": {
				"north": {"uv": [12, 13, 13, 14], "texture": "#top"},
				"east": {"uv": [12, 13, 13, 14], "texture": "#top"},
				"up": {"uv": [12, 13, 13, 14], "texture": "#top"},
				"down": {"uv": [12, 13, 13, 14], "texture": "#top"}
			}
		},
		{
			"from": [3, 0, 13],
			"to": [4, 3, 14],
			"faces": {
				"north": {"uv": [13, 13, 14, 16], "texture": "#top"},
				"east": {"uv": [13, 13, 14, 16], "texture": "#top"},
				"south": {"uv": [13, 13, 14, 16], "texture": "#top"},
				"up": {"uv": [13, 13, 14, 14], "texture": "#top"},
				"down": {"uv": [13, 15, 14, 16], "texture": "#top"}
			}
		}
	]
}