{
	"credit": "Made with Blockbench",
	"parent": "block/block",
    "render_type": "cutout",
	"textures": {
		"particle": "block/sculk_sensor_bottom",
		"bottom": "block/sculk_sensor_bottom",
		"side": "block/sculk_sensor_side",
		"tendrils": "block/sculk_sensor_tendril_inactive",
		"top": "block/sculk_sensor_top",
		"bottom_overlay": "block/sculk_sensor_bottom_glow",
		"side_overlay": "block/sculk_sensor_side_glow",
		"top_overlay": "block/sculk_sensor_top_glow"
	},
	"elements": [
		{
			"from": [0, 0, 0],
			"to": [16, 8, 16],
			"faces": {
				"north": {"uv": [0, 8, 16, 16], "texture": "#side", "cullface": "north"},
				"east": {"uv": [0, 8, 16, 16], "texture": "#side", "cullface": "east"},
				"south": {"uv": [0, 8, 16, 16], "texture": "#side", "cullface": "south"},
				"west": {"uv": [0, 8, 16, 16], "texture": "#side", "cullface": "west"},
				"up": {"uv": [0, 0, 16, 16], "texture": "#top"},
				"down": {"uv": [0, 0, 16, 16], "texture": "#bottom", "cullface": "down"}
			}
		},
		{
			"from": [-1, 8, 3],
			"to": [7, 16, 3],
			"rotation": {"angle": 45, "axis": "y", "origin": [3, 12, 3]},
			"faces": {
				"north": {"uv": [4, 8, 12, 16], "texture": "#tendrils"},
				"south": {"uv": [12, 8, 4, 16], "texture": "#tendrils"}
			}
		},
		{
			"from": [9, 8, 3],
			"to": [17, 16, 3],
			"rotation": {"angle": -45, "axis": "y", "origin": [13, 12, 3]},
			"faces": {
				"north": {"uv": [12, 8, 4, 16], "texture": "#tendrils"},
				"south": {"uv": [4, 8, 12, 16], "texture": "#tendrils"}
			}
		},
		{
			"from": [9, 8, 13],
			"to": [17, 16, 13],
			"rotation": {"angle": 45, "axis": "y", "origin": [13, 12, 13]},
			"faces": {
				"north": {"uv": [12, 8, 4, 16], "texture": "#tendrils"},
				"south": {"uv": [4, 8, 12, 16], "texture": "#tendrils"}
			}
		},
		{
			"from": [-1, 8, 13],
			"to": [7, 16, 13],
			"rotation": {"angle": -45, "axis": "y", "origin": [3, 12, 13]},
			"faces": {
				"north": {"uv": [4, 8, 12, 16], "texture": "#tendrils"},
				"south": {"uv": [12, 8, 4, 16], "texture": "#tendrils"}
			}
		},
		{
			"name": "overlay",
			"from": [0, 0, 0],
			"to": [16, 8, 16],
			"faces": {
				"north": {"uv": [0, 8, 16, 16], "texture": "#side_overlay", "cullface": "north", "tintindex": -1},
				"east": {"uv": [0, 8, 16, 16], "texture": "#side_overlay", "cullface": "east", "tintindex": -1},
				"south": {"uv": [0, 8, 16, 16], "texture": "#side_overlay", "cullface": "south", "tintindex": -1},
				"west": {"uv": [0, 8, 16, 16], "texture": "#side_overlay", "cullface": "west", "tintindex": -1},
				"up": {"uv": [0, 0, 16, 16], "texture": "#top_overlay", "tintindex": -1},
				"down": {"uv": [0, 0, 16, 16], "texture": "#bottom_overlay", "cullface": "down", "tintindex": -1}
			}
		}
	],
	"groups": [
		0,
		1,
		2,
		3,
		4,
		{
			"name": "overlay",
			"origin": [0, 0, 0],
			"color": 0,
			"children": [5]
		}
	],
    "ctm_version": 1,
    "ctm_overrides": {
        "-1": {
			"extra": { 
			"	light": 15 
			}
		}
    }
}