{
	"credit": "Made by StormDragon77",
	"textures": {
		"particle": "#bottom"
	},
	"elements": [
		{
			"from": [0, 0, 0],
			"to": [3, 16, 16],
			"faces": {
				"north": {"uv": [10, 0, 13, 16], "texture": "#side_v", "cullface": "north"},
				"east": {"uv": [0, 0, 16, 16], "texture": "#bottomright"},
				"south": {"uv": [0, 0, 3, 16], "texture": "#side_v", "cullface": "south"},
				"west": {"uv": [0, 0, 16, 16], "texture": "#bottom", "cullface": "west"},
				"up": {"uv": [9, 0, 12, 16], "texture": "#side_h"},
				"down": {"uv": [0, 0, 3, 16], "texture": "#side_h", "cullface": "down"}
			}
		},
		{
			"from": [3, 10, 2],
			"to": [4, 12, 6],
			"rotation": {"angle": 0, "axis": "y", "origin": [3, 10, 2]},
			"faces": {
				"north": {"uv": [13, 4, 14, 6], "texture": "#bottomright"},
				"east": {"uv": [10, 4, 14, 6], "texture": "#bottomright"},
				"south": {"uv": [10, 4, 11, 6], "texture": "#bottomright"},
				"up": {"uv": [10, 4, 14, 5], "rotation": 270, "texture": "#bottomright"},
				"down": {"uv": [10, 5, 14, 6], "rotation": 90, "texture": "#bottomright"}
			}
		},
		{
			"from": [3, 12, 2],
			"to": [4, 15, 3],
			"rotation": {"angle": 0, "axis": "y", "origin": [3, 12, 2]},
			"faces": {
				"north": {"uv": [13, 1, 14, 4], "texture": "#bottomright"},
				"east": {"uv": [13, 1, 14, 4], "texture": "#bottomright"},
				"south": {"uv": [13, 1, 14, 4], "texture": "#bottomright"},
				"up": {"uv": [13, 1, 14, 2], "texture": "#bottomright"}
			}
		},
		{
			"from": [3, 12, 5],
			"to": [4, 15, 6],
			"rotation": {"angle": 0, "axis": "y", "origin": [3, 12, 5]},
			"faces": {
				"north": {"uv": [10, 1, 11, 4], "texture": "#bottomright"},
				"east": {"uv": [10, 1, 11, 4], "texture": "#bottomright"},
				"south": {"uv": [10, 1, 11, 4], "texture": "#bottomright"},
				"up": {"uv": [10, 1, 11, 2], "texture": "#bottomright"}
			}
		},
		{
			"from": [3, 15, 3],
			"to": [4, 16, 5],
			"rotation": {"angle": 0, "axis": "y", "origin": [3, 15, 3]},
			"faces": {
				"north": {"uv": [12, 0, 13, 1], "texture": "#bottomright"},
				"east": {"uv": [11, 0, 13, 1], "texture": "#bottomright"},
				"south": {"uv": [11, 0, 12, 1], "texture": "#bottomright"},
				"up": {"uv": [11, 0, 13, 1], "rotation": 270, "texture": "#bottomright"},
				"down": {"uv": [11, 0, 13, 1], "rotation": 90, "texture": "#bottomright"}
			}
		},
		{
			"from": [-1, 10, 2],
			"to": [0, 12, 6],
			"rotation": {"angle": 0, "axis": "y", "origin": [-1, 10, 2]},
			"faces": {
				"north": {"uv": [2, 4, 3, 6], "texture": "#bottom", "cullface": "west"},
				"south": {"uv": [5, 4, 6, 6], "texture": "#bottom", "cullface": "west"},
				"west": {"uv": [2, 4, 6, 6], "texture": "#bottom", "cullface": "west"},
				"up": {"uv": [2, 4, 6, 5], "rotation": 90, "texture": "#bottom", "cullface": "west"},
				"down": {"uv": [2, 5, 6, 6], "rotation": 270, "texture": "#bottom", "cullface": "west"}
			}
		},
		{
			"from": [-1, 12, 2],
			"to": [0, 15, 3],
			"rotation": {"angle": 0, "axis": "y", "origin": [-1, 12, 2]},
			"faces": {
				"north": {"uv": [2, 1, 3, 4], "texture": "#bottom", "cullface": "west"},
				"south": {"uv": [2, 1, 3, 4], "texture": "#bottom", "cullface": "west"},
				"west": {"uv": [2, 1, 3, 4], "texture": "#bottom", "cullface": "west"},
				"up": {"uv": [2, 1, 3, 2], "texture": "#bottom", "cullface": "west"}
			}
		},
		{
			"from": [-1, 12, 5],
			"to": [0, 15, 6],
			"rotation": {"angle": 0, "axis": "y", "origin": [-1, 12, 5]},
			"faces": {
				"north": {"uv": [5, 1, 6, 4], "texture": "#bottom", "cullface": "west"},
				"south": {"uv": [5, 1, 6, 4], "texture": "#bottom", "cullface": "west"},
				"west": {"uv": [5, 1, 6, 4], "texture": "#bottom", "cullface": "west"},
				"up": {"uv": [5, 1, 6, 2], "texture": "#bottom", "cullface": "west"}
			}
		},
		{
			"from": [-1, 15, 3],
			"to": [0, 16, 5],
			"rotation": {"angle": 0, "axis": "y", "origin": [-1, 15, 3]},
			"faces": {
				"north": {"uv": [3, 0, 4, 1], "texture": "#bottom", "cullface": "west"},
				"south": {"uv": [4, 0, 5, 1], "texture": "#bottom", "cullface": "west"},
				"west": {"uv": [3, 0, 5, 1], "texture": "#bottom", "cullface": "west"},
				"up": {"uv": [3, 0, 5, 1], "rotation": 90, "texture": "#bottom", "cullface": "west"},
				"down": {"uv": [3, 0, 5, 1], "rotation": 270, "texture": "#bottom", "cullface": "west"}
			}
		}
	]
}