{
	"credit": "Made by StormDragon77",
	"textures": {
		"particle": "#trapdoor"
	},
	"elements": [
		{
			"from": [0, 0, 13],
			"to": [3, 16, 16],
			"faces": {
				"north": {"uv": [13, 0, 16, 16], "texture": "#trapdoor"},
				"east": {"uv": [0, 0, 16, 3], "rotation": 90, "texture": "#sides"},
				"south": {"uv": [0, 0, 3, 16], "texture": "#trapdoor", "cullface": "south"},
				"west": {"uv": [0, 3, 16, 0], "rotation": 90, "texture": "#sides", "cullface": "west"},
				"up": {"uv": [16, 0, 13, 3], "texture": "#sides", "cullface": "up"},
				"down": {"uv": [0, 0, 3, 3], "texture": "#sides", "cullface": "down"}
			}
		},
		{
			"from": [13, 0, 13],
			"to": [16, 16, 16],
			"faces": {
				"north": {"uv": [0, 0, 3, 16], "texture": "#trapdoor"},
				"east": {"uv": [0, 0, 16, 3], "rotation": 90, "texture": "#sides", "cullface": "east"},
				"south": {"uv": [13, 0, 16, 16], "texture": "#trapdoor", "cullface": "south"},
				"west": {"uv": [0, 3, 16, 0], "rotation": 90, "texture": "#sides"},
				"up": {"uv": [3, 0, 0, 3], "texture": "#sides", "cullface": "up"},
				"down": {"uv": [13, 0, 16, 3], "texture": "#sides", "cullface": "down"}
			}
		},
		{
			"from": [3, 0, 13],
			"to": [13, 3, 16],
			"faces": {
				"north": {"uv": [3, 13, 13, 16], "texture": "#trapdoor"},
				"south": {"uv": [3, 13, 13, 16], "texture": "#trapdoor", "cullface": "south"},
				"up": {"uv": [13, 0, 3, 3], "texture": "#sides"},
				"down": {"uv": [3, 0, 13, 3], "texture": "#sides", "cullface": "down"}
			}
		},
		{
			"from": [3, 13, 13],
			"to": [13, 16, 16],
			"faces": {
				"north": {"uv": [3, 0, 13, 3], "texture": "#trapdoor"},
				"south": {"uv": [3, 0, 13, 3], "texture": "#trapdoor", "cullface": "south"},
				"up": {"uv": [13, 0, 3, 3], "texture": "#sides", "cullface": "up"},
				"down": {"uv": [3, 0, 13, 3], "texture": "#sides"}
			}
		},
		{
			"from": [3, 3, 14],
			"to": [13, 13, 15],
			"rotation": {"angle": 0, "axis": "y", "origin": [3, 3, 14]},
			"faces": {
				"north": {"uv": [3, 3, 13, 13], "texture": "#trapdoor"},
				"south": {"uv": [3, 3, 13, 13], "texture": "#trapdoor", "cullface": "south"}
			}
		}
	]
}