{
	"credit": "Made by StormDragon77",
	"textures": {
		"particle": "#top"
	},
	"elements": [
		{
			"from": [0, 0, 0],
			"to": [3, 3, 16],
			"faces": {
				"north": {"uv": [13, 13, 16, 16], "texture": "#side_v", "cullface": "north"},
				"east": {"uv": [0, 13, 16, 16], "texture": "#top"},
				"south": {"uv": [3, 13, 6, 16], "texture": "#side_v", "cullface": "south"},
				"west": {"uv": [0, 13, 16, 16], "texture": "#topright", "cullface": "west"},
				"up": {"uv": [0, 0, 3, 16], "texture": "#side_h"},
				"down": {"uv": [6, 0, 9, 16], "texture": "#side_h"}
			}
		},
		{
			"from": [0, 3, 0],
			"to": [3, 13, 3],
			"faces": {
				"north": {"uv": [13, 3, 16, 13], "texture": "#side_v", "cullface": "north"},
				"east": {"uv": [13, 3, 16, 13], "texture": "#top"},
				"south": {"uv": [0, 3, 3, 13], "texture": "#side_h"},
				"west": {"uv": [0, 3, 3, 13], "texture": "#topright", "cullface": "west"}
			}
		},
		{
			"from": [0, 3, 13],
			"to": [3, 13, 16],
			"faces": {
				"north": {"uv": [0, 3, 3, 11], "texture": "#side_h"},
				"east": {"uv": [0, 3, 3, 13], "texture": "#top"},
				"south": {"uv": [3, 3, 6, 13], "texture": "#side_v", "cullface": "south"},
				"west": {"uv": [13, 3, 16, 13], "texture": "#topright", "cullface": "west"}
			}
		},
		{
			"from": [0, 13, 0],
			"to": [3, 16, 16],
			"faces": {
				"north": {"uv": [13, 0, 16, 3], "texture": "#side_v", "cullface": "north"},
				"east": {"uv": [0, 0, 16, 3], "texture": "#top"},
				"south": {"uv": [3, 0, 6, 3], "texture": "#side_v", "cullface": "south"},
				"west": {"uv": [0, 0, 16, 3], "texture": "#topright", "cullface": "west"},
				"up": {"uv": [0, 0, 3, 16], "texture": "#side_h", "cullface": "up"},
				"down": {"uv": [0, 0, 3, 16], "texture": "#side_h"}
			}
		},
		{
			"from": [1, 3, 3],
			"to": [2, 13, 13],
			"faces": {
				"east": {"uv": [3, 3, 13, 13], "texture": "#top"},
				"west": {"uv": [3, 3, 13, 13], "texture": "#topright", "cullface": "west"}
			}
		},
		{
			"from": [3, 0, 3],
			"to": [4, 1, 5],
			"rotation": {"angle": 0, "axis": "y", "origin": [3, 0, 3]},
			"faces": {
				"north": {"uv": [12, 15, 13, 16], "texture": "#top"},
				"east": {"uv": [11, 15, 13, 16], "texture": "#top"},
				"south": {"uv": [11, 15, 12, 16], "texture": "#top"},
				"up": {"uv": [11, 15, 13, 16], "rotation": 270, "texture": "#top"},
				"down": {"uv": [11, 15, 13, 16], "rotation": 90, "texture": "#top"}
			}
		},
		{
			"from": [-1, 0, 3],
			"to": [0, 1, 5],
			"rotation": {"angle": 0, "axis": "y", "origin": [-1, 0, 3]},
			"faces": {
				"north": {"uv": [3, 15, 4, 16], "texture": "#topright", "cullface": "west"},
				"south": {"uv": [4, 15, 5, 16], "texture": "#topright", "cullface": "west"},
				"west": {"uv": [3, 15, 5, 16], "texture": "#topright", "cullface": "west"},
				"up": {"uv": [3, 15, 5, 16], "rotation": 90, "texture": "#topright", "cullface": "west"},
				"down": {"uv": [3, 15, 5, 16], "rotation": 270, "texture": "#topright", "cullface": "west"}
			}
		}
	]
}