{
  "athena:loader": "athena:ctm",
  "ctm_textures": {
    "center": "minecraft:block/glass/white_stained_glass/center",
    "empty": "minecraft:block/glass/white_stained_glass/empty",
    "horizontal": "minecraft:block/glass/white_stained_glass/horizontal",
    "particle": "minecraft:block/glass/white_stained_glass/particle",
    "vertical": "minecraft:block/glass/white_stained_glass/vertical"
  },
  "variants": {
    "": {
      "model": "minecraft:block/white_stained_glass/particle"
    }
  }
}