{
	"providers": [
        {
			"type": "reference",
			"id": "minecraft:include/menus"
		},	
        {
			"type": "reference",
			"id": "minecraft:include/statistics"
		},			
        {
			"type": "reference",
			"id": "minecraft:include/hud"
		},			
        {
			"type": "reference",
			"id": "minecraft:include/gui"
		},	
        {
			"type": "reference",
			"id": "minecraft:include/advancement"
		},	
        {
			"type": "reference",
			"id": "minecraft:include/splash"
		},			
        {
			"type": "reference",
			"id": "minecraft:include/firework"
		},		
        {
			"type": "reference",
			"id": "minecraft:include/biomes"
		},
        {
			"type": "reference",
			"id": "minecraft:include/banner_pattern"
        },			
        {
			"type": "reference",
			"id": "minecraft:include/language"
        },		
        {
			"type": "reference",
			"id": "minecraft:include/mobs"
        },		
		{
			"type": "reference",
			"id": "minecraft:include/tropical_fish"
		},
        {
			"type": "reference",
			"id": "minecraft:include/music"
        },		
        {
			"type": "reference",
			"id": "minecraft:include/info"
        },
        {
			"type": "reference",
			"id": "minecraft:include/smithing"
        },
		{
			"type": "reference",
			"id": "minecraft:include/magic"
        },
        {
			"type": "reference",
			"id": "minecraft:include/tooltip"
        },
        {
			"type": "reference",
			"id": "minecraft:include/bee"
        },		
        {
         "type": "bitmap",
         "file": "icons:advancement/minecraft_advancements.png",
         "ascent": 8,
         "height": 46,
         "chars": [
			 "\uDBC1\uDE6E\uDBC1\uDE75\uDBC1\uDE7C",
			 "\uDBC1\uDE6F\uDBC1\uDE76\uDBC1\uDE7D",
			 "\uDBC1\uDE70\uDBC1\uDE77\uDBC1\uDE7E",
			 "\uDBC1\uDE71\uDBC1\uDE78\uDBC1\uDE7F",
			 "\uDBC1\uDE72\uDBC1\uDE79\uDBC1\uDE80",
			 "\uDBC1\uDE73\uDBC1\uDE7A\uDBC1\uDE81",
			 "\uDBC1\uDE74\uDBC1\uDE7B\uDBC1\uDE82"
            ]
        },
		{
		"type":"space",
			"advances":{
				"󎀀":-35,
				"󎀁":2
			}
		}
	]
}